date,product,price
1/10/00,M,926.2
10/10/00,M,411.93
11/10/00,M,202.45
13/10/00,M,354.66
15/10/00,M,128.71
16/10/00,M,464.2
20/10/00,M,434.43
26/10/00,M,873.84
28/10/00,M,286.67
3/11/00,M,624.32
12/11/00,M,810.32
13/11/00,M,252.96
27/11/00,M,683.21
29/11/00,M,614.99
10/12/00,M,247.15
22/12/00,M,409.54
31/12/00,M,421.88
2/1/01,M,328.46
2/1/01,M,425.24
6/1/01,M,484.34
8/1/01,M,345.06
26/1/01,M,258.45
29/1/01,M,980.67
30/1/01,M,487.97
4/2/01,M,304.46
8/2/01,M,429.59
10/2/01,M,738.88
25/2/01,M,840.03
27/2/01,M,259.66
6/3/01,M,285.98
11/3/01,M,666.33
13/3/01,M,351.67
14/3/01,M,399.84
19/3/01,M,707.39
19/3/01,M,754.04
23/3/01,M,386.04
26/3/01,M,754.53
29/3/01,M,283.02
10/4/01,M,93.72
12/4/01,M,771.82
22/4/01,M,345.98
10/5/01,M,289.26
11/5/01,M,981.08
13/5/01,M,381.38
3/6/01,M,841.55
13/6/01,M,767.34
17/6/01,M,905.81
20/6/01,M,60.21
22/6/01,M,174.39
24/6/01,M,179.36
30/6/01,M,553.48
2/7/01,M,445.21
2/7/01,M,134.16
3/7/01,M,731.98
10/7/01,M,892.25
21/7/01,M,272.45
21/7/01,M,574.35
25/7/01,M,806.93
27/7/01,M,932.77
1/8/01,M,849
20/8/01,M,90.13
21/8/01,M,340.02
21/8/01,M,611.08
26/8/01,M,967.86
27/8/01,M,347.27
8/9/01,M,223.1
22/9/01,M,469.46
1/10/01,M,799.57
10/10/01,M,416.54
15/10/01,M,797.24
9/11/01,M,267.04
13/11/01,M,117.47
22/11/01,M,521.5
26/11/01,M,109.02
26/11/01,M,970.9
26/11/01,M,659.63
19/12/01,M,812.66
19/12/01,M,453.91
30/12/01,M,354.47
10/1/02,M,293.88
12/2/02,M,365.4
18/2/02,M,566.47
18/2/02,M,616.82
22/2/02,M,504.91
22/2/02,M,446.11
25/2/02,M,76.9
3/3/02,M,672.5
8/3/02,M,704.42
13/3/02,M,681.51
29/3/02,M,695.58
10/4/02,M,364.39
12/4/02,M,352.67
16/4/02,M,826.22
16/4/02,M,617.32
19/4/02,M,147.97
2/5/02,M,651.19
9/5/02,M,235.53
22/5/02,M,680.92
27/5/02,M,601.93
4/6/02,M,858.15
6/6/02,M,799.25
7/6/02,M,881.21
8/6/02,M,89.09
13/6/02,M,521.3
22/6/02,M,442.69
24/6/02,M,587.77
30/6/02,M,906.97
4/7/02,M,530.59
7/7/02,M,428.62
16/7/02,M,906.33
10/8/02,M,960.74
18/8/02,M,664.1
28/8/02,M,703.36
3/9/02,M,83.19
8/9/02,M,183.7
9/9/02,M,475.03
11/9/02,M,735.53
12/9/02,M,316.76
14/9/02,M,231.36
17/9/02,M,503.36
6/10/02,M,558.73
11/10/02,M,884.51
14/10/02,M,878.24
14/10/02,M,321.17
22/10/02,M,515.34
10/11/02,M,684.12
22/11/02,M,583.3
24/11/02,M,171.33
27/11/02,M,905.44
1/12/02,M,859.55
2/12/02,M,200.26
15/12/02,M,553.91
15/12/02,M,874.72
18/12/02,M,408.89
27/12/02,M,326.04
29/12/02,M,434.88
30/12/02,M,589.86
1/1/03,M,549.1
8/1/03,M,945.79
13/1/03,M,734.77
16/1/03,M,342.52
18/1/03,M,711.33
29/1/03,M,715.02
30/1/03,M,990.63
16/2/03,M,897.98
23/2/03,M,111.05
12/3/03,M,128.73
1/4/03,M,377.07
5/4/03,M,391.85
6/4/03,M,775.38
13/4/03,M,279.31
19/4/03,M,826.66
2/5/03,M,420.22
2/5/03,M,158.06
3/5/03,M,273.72
20/5/03,M,657.52
23/5/03,M,124.08
29/5/03,M,326.06
30/5/03,M,108.37
5/6/03,M,149.21
9/6/03,M,478.19
12/6/03,M,280.58
15/6/03,M,800.37
15/6/03,M,859.87
11/7/03,M,87.25
13/7/03,M,929.59
22/7/03,M,638.19
23/7/03,M,59.92
4/8/03,M,65.92
7/8/03,M,754.53
12/8/03,M,119.81
14/8/03,M,954.34
23/8/03,M,844.16
10/9/03,M,145.82
13/9/03,M,761.6
21/9/03,M,121.41
22/9/03,M,337.7
25/9/03,M,220.96
20/10/03,M,769.63
26/10/03,M,918.28
4/11/03,M,624.77
6/11/03,M,817.42
8/11/03,M,630.43
9/11/03,M,193.05
23/11/03,M,76.39
26/12/03,M,602.35
27/12/03,M,885.16
4/1/04,M,293.02
5/1/04,M,494.69
8/1/04,M,225.63
12/1/04,M,486.71
14/1/04,M,313.72
15/1/04,M,433.48
17/1/04,M,453.35
18/1/04,M,253.82
18/1/04,M,846.8
18/1/04,M,617.93
12/3/04,M,432.64
15/3/04,M,339.57
15/3/04,M,162.48
25/3/04,M,670.84
4/4/04,M,801.21
6/4/04,M,282.22
15/4/04,M,413.84
15/4/04,M,512.57
2/5/04,M,901.99
11/5/04,M,127.02
22/5/04,M,672.21
28/5/04,M,289.26
9/6/04,M,316.75
16/6/04,M,977.08
20/6/04,M,674.27
26/6/04,M,194.97
13/7/04,M,951.56
23/7/04,M,221.88
28/7/04,M,417.61
2/8/04,M,893.53
4/8/04,M,741.36
9/8/04,M,239.73
30/8/04,M,334.07
1/9/04,M,158.29
7/9/04,M,543.84
11/9/04,M,181.77
12/9/04,M,305.45
14/9/04,M,183.28
23/9/04,M,493.98
25/9/04,M,322.36
27/9/04,M,93.83
30/10/04,M,544.33
31/10/04,M,910.09
31/10/04,M,588.39
2/11/04,M,483.7
8/11/04,M,51.38
23/11/04,M,524.93
16/12/04,M,377.53
19/12/04,M,446.72
29/12/04,M,356.66
7/1/05,M,376.25
7/1/05,M,477.88
15/1/05,M,214.33
19/1/05,M,716.13
27/1/05,M,899.14
3/2/05,M,957.31
5/2/05,M,380.97
12/2/05,M,570.87
13/2/05,M,397
21/2/05,M,609.19
3/3/05,M,699.47
7/3/05,M,776.92
13/3/05,M,880.7
6/4/05,M,876.91
10/4/05,M,867.45
14/4/05,M,185.01
15/4/05,M,144.53
18/4/05,M,828.46
19/4/05,M,670.75
20/4/05,M,597.3
22/4/05,M,251.66
27/4/05,M,138.84
7/5/05,M,543.84
7/5/05,M,671.19
8/5/05,M,87.73
20/6/05,M,721.88
11/7/05,M,868.86
12/7/05,M,829.86
16/7/05,M,507.71
25/7/05,M,562.9
29/7/05,M,411.7
9/8/05,M,757.19
14/8/05,M,133.69
17/8/05,M,635.99
23/8/05,M,179.29
25/8/05,M,356.41
3/9/05,M,242.11
11/9/05,M,624.81
23/9/05,M,250.95
27/9/05,M,419.28
29/9/05,M,306.23
12/10/05,M,757.62
14/10/05,M,303.78
17/10/05,M,891.97
28/10/05,M,688.59
10/11/05,M,658.35
19/11/05,M,650.59
6/12/05,M,760.64
12/12/05,M,86.01
13/12/05,M,365.97
18/12/05,M,375.88
2/1/06,M,156.66
6/1/06,M,571.29
8/1/06,M,348.6
13/1/06,M,284.33
18/1/06,M,380.76
9/2/06,M,947.71
9/2/06,M,574.9
13/2/06,M,337.47
15/2/06,M,396.63
18/2/06,M,234.33
1/3/06,M,918.32
5/3/06,M,671.52
6/3/06,M,92.57
7/3/06,M,504.74
19/3/06,M,564.31
21/3/06,M,945.31
21/3/06,M,91.55
28/3/06,M,968.14
14/4/06,M,846.9
15/4/06,M,216.61
15/4/06,M,548.32
18/4/06,M,68.4
18/4/06,M,677.23
28/4/06,M,722.18
20/5/06,M,361.62
23/5/06,M,451.53
25/5/06,M,620.46
19/6/06,M,261.24
20/6/06,M,729.91
20/6/06,M,357.75
28/6/06,M,696.16
10/7/06,M,916.46
18/7/06,M,284.68
18/7/06,M,523.2
24/7/06,M,759.07
31/7/06,M,948.01
2/8/06,M,122.32
11/8/06,M,682.05
15/8/06,M,527.42
5/9/06,M,831.13
6/9/06,M,566.11
8/9/06,M,547.62
16/9/06,M,733.71
23/9/06,M,132.26
24/9/06,M,358.26
24/9/06,M,741.49
25/9/06,M,98.73
14/10/06,M,237.1
16/10/06,M,790.04
18/10/06,M,303.35
21/10/06,M,846.24
16/11/06,M,428.5
16/11/06,M,455.21
19/11/06,M,824.98
25/11/06,M,726.36
29/11/06,M,327.34
4/12/06,M,575.95
16/12/06,M,560.33
25/12/06,M,385.41
3/1/07,M,216.63
16/1/07,M,93.73
20/1/07,M,406.21
23/1/07,M,261.9
24/1/07,M,116.15
28/1/07,M,237.44
1/2/07,M,846.18
17/2/07,M,447.61
22/2/07,M,761.85
24/2/07,M,567.3
6/3/07,M,428.26
6/3/07,M,149.93
8/3/07,M,332.62
8/3/07,M,652.94
26/3/07,M,843.66
5/4/07,M,686.76
9/4/07,M,251.29
16/4/07,M,198.85
19/4/07,M,996.2
27/4/07,M,814.18
8/5/07,M,831.73
11/5/07,M,721.62
24/5/07,M,595.95
3/6/07,M,730.63
6/6/07,M,155.48
18/6/07,M,487.42
21/6/07,M,572.3
27/6/07,M,447.72
3/7/07,M,661.07
7/7/07,M,593.36
16/7/07,M,275.78
22/7/07,M,692.07
27/7/07,M,353.38
7/8/07,M,919.87
17/8/07,M,889.25
18/8/07,M,922.07
18/8/07,M,179.7
23/8/07,M,820.68
4/9/07,M,294.55
11/9/07,M,979.59
15/9/07,M,475.47
23/9/07,M,752.34
26/9/07,M,667.84
27/9/07,M,216.43
30/9/07,M,662.89
1/10/07,M,784.66
5/10/07,M,729.42
10/10/07,M,246.1
19/10/07,M,94.89
20/10/07,M,703.64
25/10/07,M,581.97
11/11/07,M,279.98
17/11/07,M,331.41
19/11/07,M,206.74
28/11/07,M,225.19
5/12/07,M,920.91
19/12/07,M,711.85
24/12/07,M,767.55
2/1/08,M,649.42
7/1/08,M,589.77
9/1/08,M,213.22
10/1/08,M,933.87
14/1/08,M,632.86
23/1/08,M,906.24
2/2/08,M,616.68
11/2/08,M,555.63
13/2/08,M,975.59
18/2/08,M,771.09
21/2/08,M,103.26
25/2/08,M,743.17
27/2/08,M,377.52
29/2/08,M,851.2
4/3/08,M,684.99
16/3/08,M,146.9
23/3/08,M,527.95
29/3/08,M,165.08
10/4/08,M,505.69
10/4/08,M,261.67
12/4/08,M,312.14
15/4/08,M,296.74
15/4/08,M,194.11
16/4/08,M,911.5
20/4/08,M,755.71
27/4/08,M,514.47
6/5/08,M,653.31
10/5/08,M,108.07
29/5/08,M,551.4
14/6/08,M,649.42
24/6/08,M,507.02
7/7/08,M,123.77
9/7/08,M,469.2
10/7/08,M,790.98
17/8/08,M,320.9
18/8/08,M,370.12
23/9/08,M,798.02
11/10/08,M,129.42
12/10/08,M,107.87
13/10/08,M,387.55
15/10/08,M,272.27
19/10/08,M,685.68
26/10/08,M,373.25
30/10/08,M,335.64
7/11/08,M,499.42
7/11/08,M,806.36
15/11/08,M,545.77
20/11/08,M,653.58
2/12/08,M,235.46
3/1/09,M,876.03
4/1/09,M,981.25
8/1/09,M,221.31
22/1/09,M,422.12
23/1/09,M,668.4
31/1/09,M,832.03
5/2/09,M,152.16
10/2/09,M,188.27
11/3/09,M,71.91
14/3/09,M,374.04
17/3/09,M,463.14
22/3/09,M,231.2
22/3/09,M,601.29
29/3/09,M,476.97
6/4/09,M,967.73
14/4/09,M,140.3
18/4/09,M,603.85
24/4/09,M,173.2
15/5/09,M,794.72
13/6/09,M,874.14
18/6/09,M,198.76
22/6/09,M,54.24
24/6/09,M,354.47
1/7/09,M,503.73
8/7/09,M,280.95
14/7/09,M,208.33
14/7/09,M,255.49
15/7/09,M,828.68
16/7/09,M,641.29
16/7/09,M,163.97
18/7/09,M,56.47
12/8/09,M,782.14
20/8/09,M,57.34
26/8/09,M,337.92
7/9/09,M,125.48
25/9/09,M,112.93
25/9/09,M,339.64
27/9/09,M,185.04
8/10/09,M,737.88
12/10/09,M,958.62
13/10/09,M,917.21
15/10/09,M,504.38
17/10/09,M,506.94
19/10/09,M,549.61
19/10/09,M,256.49
24/10/09,M,928.4
3/11/09,M,515.22
5/11/09,M,207.53
19/11/09,M,491.14
20/11/09,M,98.1
25/11/09,M,739.17
27/11/09,M,951.15
2/12/09,M,783.12
13/12/09,M,401.43
15/12/09,M,65.12
17/12/09,M,191.8
17/12/09,M,936.98
20/12/09,M,709.64
29/12/09,M,563.39
4/1/10,M,165.98
20/1/10,M,192.91
2/2/10,M,791.96
21/2/10,M,972.53
22/2/10,M,684.74
25/2/10,M,689.9
2/3/10,M,754.7
6/3/10,M,382.44
17/3/10,M,540.17
13/4/10,M,182.14
20/4/10,M,868.54
26/4/10,M,889.41
29/4/10,M,406.36
29/5/10,M,851.81
31/5/10,M,235.88
7/6/10,M,612.37
14/6/10,M,180.67
16/6/10,M,861.07
20/6/10,M,139.17
22/6/10,M,378.63
27/6/10,M,546.25
9/7/10,M,64.48
11/7/10,M,614.37
13/7/10,M,84.02
13/7/10,M,395.41
3/8/10,M,756.15
7/8/10,M,625.01
7/8/10,M,466.94
7/8/10,M,693.65
10/8/10,M,357.89
11/8/10,M,680.75
19/8/10,M,231.82
23/8/10,M,506.29
1/9/10,M,561.68
8/9/10,M,914.43
18/9/10,M,171.88
9/10/10,M,598.72
12/10/10,M,645.82
23/10/10,M,149.81
29/10/10,M,617.71
10/11/10,M,490.02
13/11/10,M,733.58
18/11/10,M,400.61
22/11/10,M,401.84
26/11/10,M,435.35
29/11/10,M,420.41
6/12/10,M,479.02
10/12/10,M,223.16
14/12/10,M,219.91
15/12/10,M,317.92
24/12/10,M,677.85
11/1/11,M,919.59
15/1/11,M,732.99
22/1/11,M,212.15
28/1/11,M,322.78
3/2/11,M,94.98
10/2/11,M,266.92
12/2/11,M,821.51
17/2/11,M,948.53
18/2/11,M,219.34
22/2/11,M,566.64
25/2/11,M,260.06
1/3/11,M,317.11
6/3/11,M,370.28
7/3/11,M,689.95
12/3/11,M,506.28
28/3/11,M,499.37
3/4/11,M,900.7
5/4/11,M,244.74
13/4/11,M,465.96
19/4/11,M,650.33
4/5/11,M,208.52
7/5/11,M,167.84
22/5/11,M,920.84
24/5/11,M,78.63
8/6/11,M,893.06
11/6/11,M,65.26
29/6/11,M,468.36
2/7/11,M,711.8
10/7/11,M,851.78
21/7/11,M,207.24
3/8/11,M,690.5
3/8/11,M,666.38
4/8/11,M,423.46
5/8/11,M,464.06
11/8/11,M,948.46
16/8/11,M,203.95
21/8/11,M,996.14
26/8/11,M,271.91
13/9/11,M,764.46
14/9/11,M,214.06
3/10/11,M,766.7
13/10/11,M,167.71
22/10/11,M,365.54
30/10/11,M,530.45
1/11/11,M,90.59
12/11/11,M,248.05
18/11/11,M,220.25
20/11/11,M,740.03
23/11/11,M,460.09
23/11/11,M,408.8
30/11/11,M,476.13
10/12/11,M,423.33
25/12/11,M,657.71
28/12/11,M,931.54
29/12/11,M,532.85
31/12/11,M,721.13
1/1/12,M,426.76
2/1/12,M,484.83
3/1/12,M,471.21
10/1/12,M,794
26/1/12,M,153.38
10/2/12,M,851.52
17/2/12,M,583.92
18/2/12,M,211.5
27/2/12,M,605.63
28/2/12,M,780.29
2/3/12,M,497.61
5/3/12,M,423.26
12/3/12,M,817.17
14/3/12,M,181.71
16/3/12,M,303.25
23/3/12,M,344.78
1/4/12,M,429.2
1/4/12,M,482.45
16/4/12,M,473.67
17/4/12,M,556.45
17/4/12,M,556.14
26/4/12,M,770.83
1/5/12,M,631.21
8/5/12,M,651.43
11/5/12,M,120.3
15/5/12,M,715.8
26/5/12,M,146.38
30/5/12,M,325.07
1/6/12,M,688.25
22/6/12,M,996.15
3/7/12,M,424.98
8/7/12,M,223.08
19/7/12,M,209.76
22/7/12,M,981.88
27/7/12,M,220.91
19/8/12,M,354.13
20/8/12,M,185.95
8/9/12,M,836.75
10/9/12,M,575.1
11/9/12,M,681.44
11/9/12,M,745.3
15/9/12,M,797.48
19/9/12,M,482.13
6/10/12,M,820
18/10/12,M,205.53
20/10/12,M,770.1
6/11/12,M,895.4
13/11/12,M,970.17
14/11/12,M,99.09
24/11/12,M,444.63
27/11/12,M,714.3
28/11/12,M,466.24
4/12/12,M,202.26
16/12/12,M,393.29
18/12/12,M,485.36
19/12/12,M,625.12
19/12/12,M,981.15
23/12/12,M,705.35
23/12/12,M,149.87
25/12/12,M,530.88
27/12/12,M,786.95
30/12/12,M,94.3
26/1/13,M,912.28
27/1/13,M,751
31/1/13,M,713.57
4/2/13,M,592.42
7/2/13,M,390.54
16/2/13,M,294.69
19/2/13,M,860.08
24/2/13,M,605.88
24/2/13,M,397.69
24/2/13,M,210.4
2/3/13,M,85.27
4/3/13,M,82.27
4/3/13,M,894.42
9/3/13,M,537.63
22/3/13,M,697.14
26/3/13,M,304.88
30/3/13,M,929.77
2/4/13,M,446.44
8/5/13,M,475.76
11/5/13,M,514.82
15/5/13,M,839.65
19/5/13,M,652.88
22/5/13,M,950.89
2/6/13,M,935.81
8/6/13,M,54.11
8/6/13,M,432.63
8/6/13,M,609.11
22/6/13,M,927.63
24/6/13,M,695.07
1/7/13,M,153.86
3/7/13,M,589.63
9/7/13,M,510.94
11/7/13,M,350.85
24/7/13,M,504.61
25/7/13,M,810.54
2/8/13,M,775.79
25/8/13,M,878.41
27/8/13,M,371.16
29/8/13,M,317.52
30/8/13,M,863.76
1/9/13,M,475.77
29/9/13,M,666.03
29/9/13,M,226.21
1/10/13,M,592.72
18/10/13,M,889.39
24/10/13,M,469.48
26/10/13,M,421.33
26/10/13,M,756.49
28/10/13,M,651.07
28/10/13,M,754.71
30/10/13,M,221.36
3/11/13,M,166.39
11/11/13,M,866.28
12/11/13,M,935.98
3/12/13,M,629.55
9/12/13,M,634.29
11/1/14,M,400.15
11/1/14,M,711.55
21/1/14,M,553.49
22/1/14,M,185.65
24/1/14,M,993.06
7/2/14,M,954.7
19/2/14,M,113.65
28/2/14,M,68.43
19/3/14,M,298.03
23/3/14,M,996.07
28/3/14,M,637.1
30/3/14,M,597.56
10/4/14,M,84.94
13/4/14,M,290.5
15/4/14,M,793.6
28/4/14,M,450.74
9/5/14,M,61.26
11/5/14,M,195.86
13/5/14,M,894.86
30/5/14,M,281
6/6/14,M,828.47
11/6/14,M,952.57
12/6/14,M,906.47
18/6/14,M,869.47
19/6/14,M,666.82
5/7/14,M,961.73
26/7/14,M,505.61
29/7/14,M,85.9
16/8/14,M,814.33
18/8/14,M,704.42
27/8/14,M,81.7
5/9/14,M,290.78
8/10/14,M,667.13
14/10/14,M,834.77
18/10/14,M,341.63
29/10/14,M,881.39
7/11/14,M,837.89
10/11/14,M,56.37
18/11/14,M,152.89
22/11/14,M,363.02
24/11/14,M,289.3
26/11/14,M,213.25
7/12/14,M,608.75
8/12/14,M,521.88
10/12/14,M,835.86
11/12/14,M,893.97
11/12/14,M,632.93
21/12/14,M,888.57
23/12/14,M,746.06
3/1/15,M,229.16
17/1/15,M,705.84
17/1/15,M,75.73
24/1/15,M,504.21
2/2/15,M,801.96
3/2/15,M,686.25
10/2/15,M,658.63
11/2/15,M,633.73
10/3/15,M,219.62
12/3/15,M,604.66
13/3/15,M,110.72
15/3/15,M,584.74
24/3/15,M,720.26
28/3/15,M,912.26
8/4/15,M,424.64
22/4/15,M,570.1
2/5/15,M,313.37
6/5/15,M,706.29
24/5/15,M,327.25
25/5/15,M,157.7
31/5/15,M,827.74
13/6/15,M,523.17
20/6/15,M,624.28
22/6/15,M,507.67
27/6/15,M,152.47
11/7/15,M,877.88
21/7/15,M,292.94
2/8/15,M,104.78
3/8/15,M,426.79
9/8/15,M,860.46
11/8/15,M,763.93
26/8/15,M,191.45
29/8/15,M,328.15
6/9/15,M,342.86
9/9/15,M,966.03
11/9/15,M,883.63
17/9/15,M,151.74
1/10/15,M,355.2
12/10/15,M,175.01
14/10/15,M,194.93
17/10/15,M,969.98
18/10/15,M,700.75
22/10/15,M,223.42
25/10/15,M,687.57
1/12/15,M,197.64
1/12/15,M,968.42
14/12/15,M,575.49
17/12/15,M,271.73
19/12/15,M,287.55
22/12/15,M,934.39
31/12/15,M,800.17
2/1/16,M,730.52
13/1/16,M,240.06
24/1/16,M,268.72
29/1/16,M,174.94
29/1/16,M,994.96
6/2/16,M,100.96
6/2/16,M,628.04
22/2/16,M,359.04
29/2/16,M,347.2
3/3/16,M,554.18
15/3/16,M,261.39
18/3/16,M,254.25
26/3/16,M,53.54
27/3/16,M,428.99
4/4/16,M,648.87
7/4/16,M,927.48
16/4/16,M,712.04
17/4/16,M,541.87
23/4/16,M,196.9
24/4/16,M,232.99
10/5/16,M,610.39
17/5/16,M,489.4
20/5/16,M,533.9
25/5/16,M,654.22
3/6/16,M,682.16
7/6/16,M,64.47
8/6/16,M,670.25
14/6/16,M,883.04
16/6/16,M,824.07
19/6/16,M,803.8
10/7/16,M,826.53
11/7/16,M,897.66
13/7/16,M,921.58
18/7/16,M,580.88
21/7/16,M,93.44
26/7/16,M,728.18
27/7/16,M,167.05
2/8/16,M,214.54
3/8/16,M,343.2
6/8/16,M,519.33
8/8/16,M,498.2
13/8/16,M,581.3
13/8/16,M,504.87
25/8/16,M,869.66
29/8/16,M,920.36
6/9/16,M,968.7
13/9/16,M,659.45
21/9/16,M,53.62
3/10/16,M,659.92
7/10/16,M,886.12
22/10/16,M,383.47
31/10/16,M,212.23
6/11/16,M,107.91
10/11/16,M,257.85
23/11/16,M,347.12
30/11/16,M,938.69
29/12/16,M,403.85
30/12/16,M,358.81
13/1/17,M,139.23
15/1/17,M,623.83
24/1/17,M,192.52
27/1/17,M,187.23
28/1/17,M,146.77
9/2/17,M,150.07
23/2/17,M,289.11
27/2/17,M,419.66
8/3/17,M,188.13
16/3/17,M,907.43
19/3/17,M,360.33
21/3/17,M,900.79
26/3/17,M,957.78
29/3/17,M,171.75
30/3/17,M,526.17
30/3/17,M,814.17
4/4/17,M,185.96
6/4/17,M,813.69
6/4/17,M,276.02
7/4/17,M,513.44
8/4/17,M,765.22
14/4/17,M,660.96
15/4/17,M,721.52
22/4/17,M,483.13
29/4/17,M,76.54
3/5/17,M,264.84
6/5/17,M,167.12
18/5/17,M,121.98
19/5/17,M,924.35
24/5/17,M,418.83
2/6/17,M,104.98
4/6/17,M,212.96
7/6/17,M,314.55
7/6/17,M,545.21
9/6/17,M,209.06
12/6/17,M,749.52
4/7/17,M,411.67
9/7/17,M,674.61
18/7/17,M,80.37
26/7/17,M,797.77
29/7/17,M,475.65
1/8/17,M,175.63
12/8/17,M,594.32
15/8/17,M,598.86
20/8/17,M,355.7
21/8/17,M,376.89
22/8/17,M,714.63
26/8/17,M,392.92
28/8/17,M,945.34
15/9/17,M,781.98
16/9/17,M,364.7
21/9/17,M,497.26
29/9/17,M,121.4
29/9/17,M,880.05
4/10/17,M,110.95
24/10/17,M,765.71
25/10/17,M,996.27
29/10/17,M,295.18
30/10/17,M,257.12
3/11/17,M,327.62
6/11/17,M,543.99
9/11/17,M,235.92
15/11/17,M,191.66
30/11/17,M,515.5
9/12/17,M,942.82
12/12/17,M,621.38
18/12/17,M,788.11
4/1/18,M,384.85
4/1/18,M,564.06
7/1/18,M,601.99
13/1/18,M,949.62
16/1/18,M,397.11
25/1/18,M,350.31
30/1/18,M,756.46
8/2/18,M,786.68
27/2/18,M,427.61
7/3/18,M,968.11
3/4/18,M,812.78
3/4/18,M,621.46
6/4/18,M,893.98
9/4/18,M,883.04
28/4/18,M,207.98
11/5/18,M,339.01
14/5/18,M,586.08
24/5/18,M,349.39
2/6/18,M,534.12
5/6/18,M,69.36
11/6/18,M,93.51
12/6/18,M,832.18
19/6/18,M,998.93
4/7/18,M,887.76
6/7/18,M,96.49
8/7/18,M,186.47
9/8/18,M,962.09
9/8/18,M,630.33
10/8/18,M,120.76
13/8/18,M,591.78
15/8/18,M,806.46
19/8/18,M,84.86
22/8/18,M,905.66
23/8/18,M,633.9
24/8/18,M,399.7
28/8/18,M,630.28
29/8/18,M,840.86
1/10/00,A,867.3
10/10/00,A,902.31
11/10/00,A,228.08
13/10/00,A,170.9
15/10/00,A,69.87
16/10/00,A,674.7
20/10/00,A,733.93
26/10/00,A,948.19
28/10/00,A,430.76
3/11/00,A,244.64
12/11/00,A,636.08
13/11/00,A,269.94
27/11/00,A,647.98
29/11/00,A,972.14
10/12/00,A,542.78
22/12/00,A,102.28
31/12/00,A,116
2/1/01,A,667.85
2/1/01,A,482.88
6/1/01,A,70.14
8/1/01,A,447.67
26/1/01,A,384
29/1/01,A,818.94
30/1/01,A,83.68
4/2/01,A,150.54
8/2/01,A,131.17
10/2/01,A,608.58
25/2/01,A,715.05
27/2/01,A,454.33
6/3/01,A,264.51
11/3/01,A,931.5
13/3/01,A,113.86
14/3/01,A,753.27
19/3/01,A,932.93
19/3/01,A,563.23
23/3/01,A,704.98
26/3/01,A,393.02
29/3/01,A,738.18
10/4/01,A,953.87
12/4/01,A,139.3
22/4/01,A,146.84
10/5/01,A,279.76
11/5/01,A,410.84
13/5/01,A,658.11
3/6/01,A,566.07
13/6/01,A,79.15
17/6/01,A,403.2
20/6/01,A,715.36
22/6/01,A,750.99
24/6/01,A,754.42
30/6/01,A,800.34
2/7/01,A,490.72
2/7/01,A,877.41
3/7/01,A,583.36
10/7/01,A,950.11
21/7/01,A,403.07
21/7/01,A,340.87
25/7/01,A,790.27
27/7/01,A,58.94
1/8/01,A,558.6
20/8/01,A,833.77
21/8/01,A,213.83
21/8/01,A,815.98
26/8/01,A,620.74
27/8/01,A,993.87
8/9/01,A,561.55
22/9/01,A,143.6
1/10/01,A,246.47
10/10/01,A,349.03
15/10/01,A,754.1
9/11/01,A,373.3
13/11/01,A,462.24
22/11/01,A,827.99
26/11/01,A,526.1
26/11/01,A,703.42
26/11/01,A,896.24
19/12/01,A,635.96
19/12/01,A,232.96
30/12/01,A,567.14
10/1/02,A,590.51
12/2/02,A,924.41
18/2/02,A,487.35
18/2/02,A,664.05
22/2/02,A,390.85
22/2/02,A,588.55
25/2/02,A,295.75
3/3/02,A,280.64
8/3/02,A,561.12
13/3/02,A,757.98
29/3/02,A,106.62
10/4/02,A,704.08
12/4/02,A,271.89
16/4/02,A,623.54
16/4/02,A,924.35
19/4/02,A,913.3
2/5/02,A,785.08
9/5/02,A,463.67
22/5/02,A,648.16
27/5/02,A,108.89
4/6/02,A,326.15
6/6/02,A,663
7/6/02,A,543.16
8/6/02,A,677.18
13/6/02,A,217.1
22/6/02,A,656.7
24/6/02,A,380.33
30/6/02,A,668.22
4/7/02,A,837.14
7/7/02,A,124.42
16/7/02,A,747.21
10/8/02,A,616.66
18/8/02,A,862.19
28/8/02,A,673.7
3/9/02,A,218.98
8/9/02,A,901.56
9/9/02,A,890.41
11/9/02,A,531.76
12/9/02,A,83.16
14/9/02,A,358.05
17/9/02,A,414.46
6/10/02,A,654.09
11/10/02,A,607.05
14/10/02,A,222.81
14/10/02,A,303.84
22/10/02,A,545.13
10/11/02,A,218.99
22/11/02,A,889.08
24/11/02,A,487.47
27/11/02,A,517.03
1/12/02,A,240.33
2/12/02,A,830.92
15/12/02,A,819.31
15/12/02,A,64.4
18/12/02,A,739.63
27/12/02,A,234.37
29/12/02,A,918.03
30/12/02,A,988.42
1/1/03,A,758.1
8/1/03,A,97.66
13/1/03,A,772.09
16/1/03,A,145.6
18/1/03,A,269.32
29/1/03,A,545.32
30/1/03,A,77.12
16/2/03,A,792.16
23/2/03,A,443.38
12/3/03,A,159.85
1/4/03,A,731.1
5/4/03,A,822.43
6/4/03,A,253.19
13/4/03,A,257.13
19/4/03,A,630.98
2/5/03,A,753.21
2/5/03,A,741.39
3/5/03,A,839.23
20/5/03,A,416.36
23/5/03,A,132.48
29/5/03,A,903.81
30/5/03,A,543.41
5/6/03,A,444.14
9/6/03,A,480.01
12/6/03,A,237.43
15/6/03,A,987.72
15/6/03,A,254.33
11/7/03,A,785.32
13/7/03,A,967.41
22/7/03,A,538.38
23/7/03,A,510.76
4/8/03,A,341.82
7/8/03,A,843.35
12/8/03,A,449.39
14/8/03,A,61.31
23/8/03,A,555.76
10/9/03,A,976.19
13/9/03,A,231
21/9/03,A,78.71
22/9/03,A,122.03
25/9/03,A,624.1
20/10/03,A,610.9
26/10/03,A,94.65
4/11/03,A,206.7
6/11/03,A,703.52
8/11/03,A,140.36
9/11/03,A,89.69
23/11/03,A,119.18
26/12/03,A,409.1
27/12/03,A,167.45
4/1/04,A,256.12
5/1/04,A,766.29
8/1/04,A,408.71
12/1/04,A,89.5
14/1/04,A,253.21
15/1/04,A,339.88
17/1/04,A,873.64
18/1/04,A,56.7
18/1/04,A,877.14
18/1/04,A,101.68
12/3/04,A,199.13
15/3/04,A,395.36
15/3/04,A,77.72
25/3/04,A,920.72
4/4/04,A,132.57
6/4/04,A,212.18
15/4/04,A,156.66
15/4/04,A,517.93
2/5/04,A,911.92
11/5/04,A,775.35
22/5/04,A,418.26
28/5/04,A,697.48
9/6/04,A,329.6
16/6/04,A,535.32
20/6/04,A,562.03
26/6/04,A,535.53
13/7/04,A,138.64
23/7/04,A,428.35
28/7/04,A,791.6
2/8/04,A,790.82
4/8/04,A,400.83
9/8/04,A,564
30/8/04,A,669.73
1/9/04,A,518.9
7/9/04,A,498.37
11/9/04,A,873.97
12/9/04,A,792.15
14/9/04,A,539.97
23/9/04,A,79.65
25/9/04,A,365.49
27/9/04,A,830.4
30/10/04,A,54.57
31/10/04,A,342.97
31/10/04,A,229.66
2/11/04,A,959.72
8/11/04,A,195.63
23/11/04,A,424.38
16/12/04,A,174.94
19/12/04,A,101.36
29/12/04,A,451.9
7/1/05,A,247.38
7/1/05,A,452.76
15/1/05,A,699.34
19/1/05,A,913.23
27/1/05,A,629.59
3/2/05,A,749.34
5/2/05,A,265.1
12/2/05,A,73.12
13/2/05,A,815.49
21/2/05,A,275.16
3/3/05,A,321.77
7/3/05,A,819.58
13/3/05,A,663.92
6/4/05,A,413.45
10/4/05,A,269.2
14/4/05,A,953.47
15/4/05,A,212.91
18/4/05,A,81.05
19/4/05,A,630.93
20/4/05,A,943.05
22/4/05,A,650.21
27/4/05,A,787.5
7/5/05,A,392.09
7/5/05,A,609.64
8/5/05,A,329.49
20/6/05,A,283.96
11/7/05,A,967.04
12/7/05,A,493.31
16/7/05,A,529.66
25/7/05,A,501.19
29/7/05,A,738.28
9/8/05,A,901.3
14/8/05,A,640.27
17/8/05,A,293.73
23/8/05,A,683.64
25/8/05,A,622.82
3/9/05,A,567.21
11/9/05,A,430.02
23/9/05,A,607.99
27/9/05,A,715.35
29/9/05,A,370.94
12/10/05,A,934.46
14/10/05,A,526.09
17/10/05,A,405.03
28/10/05,A,827.62
10/11/05,A,609.64
19/11/05,A,535.71
6/12/05,A,692.05
12/12/05,A,151.38
13/12/05,A,585.15
18/12/05,A,621.26
2/1/06,A,418.23
6/1/06,A,356.6
8/1/06,A,402.24
13/1/06,A,624.85
18/1/06,A,498.36
9/2/06,A,51.87
9/2/06,A,996.29
13/2/06,A,871.4
15/2/06,A,748.91
18/2/06,A,987.32
1/3/06,A,418.25
5/3/06,A,303.36
6/3/06,A,121.91
7/3/06,A,407.54
19/3/06,A,187.2
21/3/06,A,946.35
21/3/06,A,197.41
28/3/06,A,601.86
14/4/06,A,180.33
15/4/06,A,713.32
15/4/06,A,552.78
18/4/06,A,58.84
18/4/06,A,632.98
28/4/06,A,677.92
20/5/06,A,331.84
23/5/06,A,850.6
25/5/06,A,912.55
19/6/06,A,101.83
20/6/06,A,274.46
20/6/06,A,777.58
28/6/06,A,702.13
10/7/06,A,265.43
18/7/06,A,262.81
18/7/06,A,552.08
24/7/06,A,464.26
31/7/06,A,861.55
2/8/06,A,416.27
11/8/06,A,137.52
15/8/06,A,877.98
5/9/06,A,754.47
6/9/06,A,99.05
8/9/06,A,108.45
16/9/06,A,134.75
23/9/06,A,835.34
24/9/06,A,528.19
24/9/06,A,640.02
25/9/06,A,200.43
14/10/06,A,602.53
16/10/06,A,434.11
18/10/06,A,76.43
21/10/06,A,432.06
16/11/06,A,769.38
16/11/06,A,706.39
19/11/06,A,212.5
25/11/06,A,456.21
29/11/06,A,78.98
4/12/06,A,332.86
16/12/06,A,329.81
25/12/06,A,748.44
3/1/07,A,604.73
16/1/07,A,68.89
20/1/07,A,79.91
23/1/07,A,806.52
24/1/07,A,391.58
28/1/07,A,155.58
1/2/07,A,404.8
17/2/07,A,795.75
22/2/07,A,921.76
24/2/07,A,969.45
6/3/07,A,725.93
6/3/07,A,327.43
8/3/07,A,623.63
8/3/07,A,181.71
26/3/07,A,958.16
5/4/07,A,404.21
9/4/07,A,190.98
16/4/07,A,237.83
19/4/07,A,438.06
27/4/07,A,816.09
8/5/07,A,137.45
11/5/07,A,213.81
24/5/07,A,389.84
3/6/07,A,108.34
6/6/07,A,901.47
18/6/07,A,332.02
21/6/07,A,222.67
27/6/07,A,465.78
3/7/07,A,798.85
7/7/07,A,208.3
16/7/07,A,62.55
22/7/07,A,699.95
27/7/07,A,670.23
7/8/07,A,128.82
17/8/07,A,236.92
18/8/07,A,363.71
18/8/07,A,805.78
23/8/07,A,829.58
4/9/07,A,797.49
11/9/07,A,226.8
15/9/07,A,750.13
23/9/07,A,893.21
26/9/07,A,725.72
27/9/07,A,613.07
30/9/07,A,887.71
1/10/07,A,512.66
5/10/07,A,626.95
10/10/07,A,979.8
19/10/07,A,601.72
20/10/07,A,578.06
25/10/07,A,130.86
11/11/07,A,646.93
17/11/07,A,86.91
19/11/07,A,416.53
28/11/07,A,79.23
5/12/07,A,560.93
19/12/07,A,209.14
24/12/07,A,553.53
2/1/08,A,413.07
7/1/08,A,541.89
9/1/08,A,475.35
10/1/08,A,260.63
14/1/08,A,80.72
23/1/08,A,205.69
2/2/08,A,195.37
11/2/08,A,941.89
13/2/08,A,668.1
18/2/08,A,642.94
21/2/08,A,919.48
25/2/08,A,474.65
27/2/08,A,520.08
29/2/08,A,850.93
4/3/08,A,900.11
16/3/08,A,279.1
23/3/08,A,120.93
29/3/08,A,399.27
10/4/08,A,74.97
10/4/08,A,371.28
12/4/08,A,909.67
15/4/08,A,476.1
15/4/08,A,249.92
16/4/08,A,636.97
20/4/08,A,932.14
27/4/08,A,231.65
6/5/08,A,657.11
10/5/08,A,501.77
29/5/08,A,378.77
14/6/08,A,104.82
24/6/08,A,779.41
7/7/08,A,487.77
9/7/08,A,290.38
10/7/08,A,697.29
17/8/08,A,983.91
18/8/08,A,93.72
23/9/08,A,569.42
11/10/08,A,312.16
12/10/08,A,307.72
13/10/08,A,598.5
15/10/08,A,892.38
19/10/08,A,883.21
26/10/08,A,377.21
30/10/08,A,569.25
7/11/08,A,552.71
7/11/08,A,269.55
15/11/08,A,244.99
20/11/08,A,689.97
2/12/08,A,800.6
3/1/09,A,496.47
4/1/09,A,896.78
8/1/09,A,458.95
22/1/09,A,887.11
23/1/09,A,222.26
31/1/09,A,832.7
5/2/09,A,571.96
10/2/09,A,789.5
11/3/09,A,656.67
14/3/09,A,147.46
17/3/09,A,513.5
22/3/09,A,251.8
22/3/09,A,393.4
29/3/09,A,610.94
6/4/09,A,990.1
14/4/09,A,80.35
18/4/09,A,84.58
24/4/09,A,626.67
15/5/09,A,556.75
13/6/09,A,576.98
18/6/09,A,796.88
22/6/09,A,459.21
24/6/09,A,750.6
1/7/09,A,79.15
8/7/09,A,627.61
14/7/09,A,196.89
14/7/09,A,148.16
15/7/09,A,620.93
16/7/09,A,766.61
16/7/09,A,772.24
18/7/09,A,379.92
12/8/09,A,431.38
20/8/09,A,753.54
26/8/09,A,414.47
7/9/09,A,990.33
25/9/09,A,395.89
25/9/09,A,841.89
27/9/09,A,955.62
8/10/09,A,348.47
12/10/09,A,433.88
13/10/09,A,828.42
15/10/09,A,608.05
17/10/09,A,968.4
19/10/09,A,620.06
19/10/09,A,395.17
24/10/09,A,515.27
3/11/09,A,572.36
5/11/09,A,340.89
19/11/09,A,200.19
20/11/09,A,595.8
25/11/09,A,583.11
27/11/09,A,108.35
2/12/09,A,849.59
13/12/09,A,281.07
15/12/09,A,804.08
17/12/09,A,465.43
17/12/09,A,250.35
20/12/09,A,346.03
29/12/09,A,371.32
4/1/10,A,884.28
20/1/10,A,673.34
2/2/10,A,414.48
21/2/10,A,106.41
22/2/10,A,696.23
25/2/10,A,247.81
2/3/10,A,67.68
6/3/10,A,670.65
17/3/10,A,277.19
13/4/10,A,805.55
20/4/10,A,229.04
26/4/10,A,351.46
29/4/10,A,804.42
29/5/10,A,953.44
31/5/10,A,487.42
7/6/10,A,793.08
14/6/10,A,805.5
16/6/10,A,765.3
20/6/10,A,471.8
22/6/10,A,963
27/6/10,A,834.16
9/7/10,A,233.26
11/7/10,A,701.56
13/7/10,A,215.35
13/7/10,A,803.81
3/8/10,A,707.12
7/8/10,A,54.69
7/8/10,A,603.85
7/8/10,A,163.27
10/8/10,A,120.85
11/8/10,A,212.64
19/8/10,A,631.63
23/8/10,A,697.2
1/9/10,A,966.9
8/9/10,A,612.09
18/9/10,A,912.34
9/10/10,A,298.44
12/10/10,A,151.4
23/10/10,A,516.95
29/10/10,A,616.61
10/11/10,A,642.28
13/11/10,A,602.76
18/11/10,A,293.51
22/11/10,A,427.31
26/11/10,A,153.31
29/11/10,A,931.89
6/12/10,A,132.05
10/12/10,A,930.58
14/12/10,A,869.44
15/12/10,A,163.02
24/12/10,A,471.61
11/1/11,A,379.56
15/1/11,A,283.68
22/1/11,A,745.34
28/1/11,A,710.47
3/2/11,A,737.87
10/2/11,A,237.33
12/2/11,A,960.1
17/2/11,A,209.36
18/2/11,A,884.92
22/2/11,A,156.4
25/2/11,A,828.97
1/3/11,A,205.45
6/3/11,A,725.51
7/3/11,A,335.72
12/3/11,A,550.62
28/3/11,A,209.5
3/4/11,A,449.8
5/4/11,A,234.24
13/4/11,A,482.03
19/4/11,A,209.91
4/5/11,A,559.27
7/5/11,A,236.64
22/5/11,A,964.54
24/5/11,A,981.28
8/6/11,A,430.79
11/6/11,A,678.51
29/6/11,A,685.79
2/7/11,A,840.88
10/7/11,A,729.78
21/7/11,A,327.86
3/8/11,A,327.1
3/8/11,A,883.95
4/8/11,A,697.87
5/8/11,A,661.96
11/8/11,A,130.62
16/8/11,A,280.37
21/8/11,A,653.51
26/8/11,A,442.32
13/9/11,A,505.62
14/9/11,A,547.76
3/10/11,A,202.55
13/10/11,A,628.72
22/10/11,A,477.81
30/10/11,A,131.85
1/11/11,A,976.14
12/11/11,A,900.15
18/11/11,A,509.96
20/11/11,A,529.72
23/11/11,A,712.09
23/11/11,A,552.92
30/11/11,A,201.48
10/12/11,A,543.7
25/12/11,A,732.84
28/12/11,A,673.93
29/12/11,A,838.77
31/12/11,A,743.29
1/1/12,A,320.53
2/1/12,A,65.81
3/1/12,A,981.3
10/1/12,A,192.38
26/1/12,A,682.53
10/2/12,A,848.98
17/2/12,A,253.33
18/2/12,A,121.51
27/2/12,A,875.09
28/2/12,A,437.47
2/3/12,A,213.11
5/3/12,A,315.22
12/3/12,A,950.12
14/3/12,A,332.32
16/3/12,A,283.17
23/3/12,A,293.55
1/4/12,A,974.86
1/4/12,A,851.74
16/4/12,A,126.83
17/4/12,A,328.9
17/4/12,A,469.85
26/4/12,A,785.9
1/5/12,A,543.27
8/5/12,A,447.64
11/5/12,A,247.51
15/5/12,A,611.06
26/5/12,A,75.25
30/5/12,A,789.84
1/6/12,A,529.46
22/6/12,A,292.22
3/7/12,A,660.5
8/7/12,A,982.8
19/7/12,A,124.93
22/7/12,A,842.54
27/7/12,A,935.41
19/8/12,A,502.62
20/8/12,A,676.4
8/9/12,A,791.97
10/9/12,A,489.79
11/9/12,A,830.59
11/9/12,A,320.6
15/9/12,A,982.12
19/9/12,A,643.18
6/10/12,A,156.91
18/10/12,A,377.42
20/10/12,A,988.2
6/11/12,A,678.43
13/11/12,A,249.13
14/11/12,A,241.47
24/11/12,A,969.31
27/11/12,A,618.09
28/11/12,A,648.48
4/12/12,A,211.58
16/12/12,A,54.32
18/12/12,A,229.7
19/12/12,A,991.82
19/12/12,A,324.46
23/12/12,A,438.65
23/12/12,A,913.74
25/12/12,A,959.14
27/12/12,A,547.99
30/12/12,A,294.78
26/1/13,A,113.84
27/1/13,A,325.6
31/1/13,A,133.58
4/2/13,A,101.3
7/2/13,A,530.41
16/2/13,A,605.23
19/2/13,A,247.17
24/2/13,A,71.74
24/2/13,A,475.3
24/2/13,A,287.06
2/3/13,A,494.49
4/3/13,A,316.13
4/3/13,A,645.04
9/3/13,A,697.85
22/3/13,A,173.85
26/3/13,A,105.47
30/3/13,A,847.69
2/4/13,A,948.78
8/5/13,A,992.97
11/5/13,A,669.77
15/5/13,A,347.86
19/5/13,A,501.47
22/5/13,A,755.96
2/6/13,A,544.66
8/6/13,A,381.18
8/6/13,A,490.95
8/6/13,A,593.24
22/6/13,A,903.59
24/6/13,A,275.33
1/7/13,A,440.36
3/7/13,A,641.76
9/7/13,A,264.43
11/7/13,A,489.95
24/7/13,A,124.47
25/7/13,A,109.27
2/8/13,A,990.17
25/8/13,A,146.68
27/8/13,A,428.88
29/8/13,A,95.17
30/8/13,A,337.71
1/9/13,A,237.78
29/9/13,A,880.29
29/9/13,A,526.84
1/10/13,A,936.69
18/10/13,A,830.74
24/10/13,A,519.16
26/10/13,A,962.37
26/10/13,A,68.22
28/10/13,A,685.03
28/10/13,A,917.96
30/10/13,A,734.8
3/11/13,A,535.18
11/11/13,A,976.63
12/11/13,A,929.28
3/12/13,A,332.41
9/12/13,A,204.05
11/1/14,A,277.54
11/1/14,A,408.17
21/1/14,A,193.3
22/1/14,A,764.49
24/1/14,A,255.04
7/2/14,A,450.56
19/2/14,A,803.39
28/2/14,A,904.35
19/3/14,A,547.76
23/3/14,A,78.38
28/3/14,A,910.41
30/3/14,A,83.65
10/4/14,A,223.02
13/4/14,A,877.62
15/4/14,A,872.29
28/4/14,A,634.4
9/5/14,A,490.83
11/5/14,A,653.29
13/5/14,A,204.36
30/5/14,A,490.65
6/6/14,A,493.23
11/6/14,A,856.08
12/6/14,A,771.67
18/6/14,A,209.37
19/6/14,A,615.93
5/7/14,A,412.49
26/7/14,A,387.12
29/7/14,A,564.35
16/8/14,A,385.08
18/8/14,A,477.92
27/8/14,A,56.1
5/9/14,A,524.7
8/10/14,A,564.83
14/10/14,A,109.11
18/10/14,A,80.17
29/10/14,A,803.74
7/11/14,A,991.01
10/11/14,A,570.19
18/11/14,A,474.07
22/11/14,A,251.47
24/11/14,A,798.72
26/11/14,A,522.93
7/12/14,A,919.62
8/12/14,A,330.06
10/12/14,A,85.9
11/12/14,A,414.22
11/12/14,A,99.12
21/12/14,A,483.72
23/12/14,A,442.1
3/1/15,A,587.73
17/1/15,A,171.31
17/1/15,A,790.29
24/1/15,A,315.64
2/2/15,A,670.03
3/2/15,A,706.07
10/2/15,A,543.39
11/2/15,A,896.65
10/3/15,A,614.38
12/3/15,A,234.15
13/3/15,A,397.24
15/3/15,A,826.45
24/3/15,A,994.75
28/3/15,A,622.5
8/4/15,A,887.51
22/4/15,A,802.74
2/5/15,A,826.94
6/5/15,A,529.99
24/5/15,A,988.86
25/5/15,A,494.71
31/5/15,A,488.68
13/6/15,A,114.04
20/6/15,A,538.66
22/6/15,A,750.24
27/6/15,A,151.79
11/7/15,A,901.65
21/7/15,A,452.23
2/8/15,A,145.2
3/8/15,A,277.24
9/8/15,A,620.32
11/8/15,A,720.32
26/8/15,A,799.23
29/8/15,A,57.43
6/9/15,A,457.13
9/9/15,A,580.72
11/9/15,A,216.26
17/9/15,A,423.96
1/10/15,A,113.56
12/10/15,A,434.11
14/10/15,A,348.6
17/10/15,A,431.38
18/10/15,A,184.89
22/10/15,A,586.14
25/10/15,A,455.33
1/12/15,A,109.97
1/12/15,A,477.95
14/12/15,A,478.79
17/12/15,A,640.18
19/12/15,A,940.98
22/12/15,A,565.31
31/12/15,A,254.48
2/1/16,A,992.67
13/1/16,A,208.28
24/1/16,A,214.41
29/1/16,A,137.11
29/1/16,A,166.54
6/2/16,A,508.59
6/2/16,A,445.13
22/2/16,A,196.83
29/2/16,A,515.45
3/3/16,A,600.85
15/3/16,A,803.51
18/3/16,A,973.99
26/3/16,A,563.8
27/3/16,A,303.2
4/4/16,A,280.34
7/4/16,A,961.62
16/4/16,A,494.84
17/4/16,A,365.92
23/4/16,A,585.29
24/4/16,A,90.71
10/5/16,A,761.67
17/5/16,A,406.57
20/5/16,A,470.39
25/5/16,A,57.76
3/6/16,A,905.94
7/6/16,A,641.58
8/6/16,A,501.43
14/6/16,A,409.1
16/6/16,A,739.87
19/6/16,A,926.95
10/7/16,A,730.81
11/7/16,A,177.49
13/7/16,A,123.31
18/7/16,A,513.89
21/7/16,A,357.75
26/7/16,A,806.57
27/7/16,A,782.04
2/8/16,A,952.6
3/8/16,A,877.06
6/8/16,A,555.29
8/8/16,A,690.04
13/8/16,A,929.49
13/8/16,A,182.93
25/8/16,A,855.76
29/8/16,A,521.03
6/9/16,A,972.27
13/9/16,A,902.95
21/9/16,A,68.06
3/10/16,A,975.62
7/10/16,A,979.1
22/10/16,A,716.34
31/10/16,A,529.57
6/11/16,A,828.66
10/11/16,A,253.61
23/11/16,A,876.16
30/11/16,A,937.3
29/12/16,A,781.16
30/12/16,A,766.76
13/1/17,A,460.76
15/1/17,A,769.57
24/1/17,A,366.03
27/1/17,A,297.21
28/1/17,A,629.66
9/2/17,A,887
23/2/17,A,906.88
27/2/17,A,257.23
8/3/17,A,728.16
16/3/17,A,916.97
19/3/17,A,308.38
21/3/17,A,563.89
26/3/17,A,563.82
29/3/17,A,949.06
30/3/17,A,411.36
30/3/17,A,927.59
4/4/17,A,610.55
6/4/17,A,920.85
6/4/17,A,395.47
7/4/17,A,73.79
8/4/17,A,302.57
14/4/17,A,99.92
15/4/17,A,955.52
22/4/17,A,835.28
29/4/17,A,519.37
3/5/17,A,333.07
6/5/17,A,792.93
18/5/17,A,684.79
19/5/17,A,591.86
24/5/17,A,64.45
2/6/17,A,259.23
4/6/17,A,253.16
7/6/17,A,665.49
7/6/17,A,94.3
9/6/17,A,449.47
12/6/17,A,599.1
4/7/17,A,95.29
9/7/17,A,290.13
18/7/17,A,325.39
26/7/17,A,515.5
29/7/17,A,961.77
1/8/17,A,576.24
12/8/17,A,911.93
15/8/17,A,796.36
20/8/17,A,948.46
21/8/17,A,578.56
22/8/17,A,400.95
26/8/17,A,294.7
28/8/17,A,945.1
15/9/17,A,533.11
16/9/17,A,446.58
21/9/17,A,419.7
29/9/17,A,754
29/9/17,A,750.21
4/10/17,A,630.92
24/10/17,A,842.99
25/10/17,A,396.92
29/10/17,A,515.3
30/10/17,A,939.89
3/11/17,A,104.25
6/11/17,A,717.31
9/11/17,A,960.37
15/11/17,A,144.57
30/11/17,A,738.13
9/12/17,A,975.66
12/12/17,A,498.4
18/12/17,A,576.75
4/1/18,A,865.86
4/1/18,A,936.64
7/1/18,A,835.67
13/1/18,A,553.87
16/1/18,A,294.11
25/1/18,A,351.31
30/1/18,A,572.94
8/2/18,A,107.68
27/2/18,A,593.84
7/3/18,A,474.97
3/4/18,A,145.48
3/4/18,A,307.04
6/4/18,A,888.66
9/4/18,A,232.86
28/4/18,A,130.33
11/5/18,A,589.83
14/5/18,A,528.08
24/5/18,A,598.47
2/6/18,A,209.6
5/6/18,A,315.72
11/6/18,A,266.73
12/6/18,A,485.12
19/6/18,A,221.08
4/7/18,A,91.97
6/7/18,A,556.88
8/7/18,A,723.04
9/8/18,A,305.68
9/8/18,A,525.95
10/8/18,A,855.46
13/8/18,A,818.12
15/8/18,A,788.73
19/8/18,A,530.29
22/8/18,A,419.42
23/8/18,A,849.28
24/8/18,A,203.15
28/8/18,A,355.65
29/8/18,A,402.84